placement	placement_desc	version	version_label	size_bytes	reps	median_us	min_us	max_us	spread_pct	bandwidth_GBs
1node	intra-node	converse	old Converse	16	5	2.017023	1.888958	2.211889	17.10	0.0079
1node	intra-node	converse	old Converse	32	5	2.120983	2.009099	2.401349	19.52	0.0151
1node	intra-node	converse	old Converse	64	5	2.077346	1.987182	2.394315	20.49	0.0308
1node	intra-node	converse	old Converse	128	5	2.177980	2.041810	2.426551	18.84	0.0588
1node	intra-node	converse	old Converse	256	5	2.945469	2.911037	3.154557	8.37	0.0869
1node	intra-node	converse	old Converse	512	5	2.151660	2.100730	2.388489	13.70	0.2380
1node	intra-node	converse	old Converse	1024	5	2.302453	2.239832	2.520492	12.53	0.4447
1node	intra-node	converse	old Converse	2048	5	2.827979	2.583666	2.839514	9.90	0.7242
1node	intra-node	converse	old Converse	4096	5	4.195208	3.902770	4.402924	12.82	0.9764
1node	intra-node	converse	old Converse	8192	5	6.175743	5.791743	6.970673	20.36	1.3265
1node	intra-node	converse	old Converse	16384	5	6.628562	6.224564	8.231199	32.24	2.4717
1node	intra-node	converse	old Converse	32768	5	9.862983	9.305895	13.156446	41.38	3.3223
1node	intra-node	converse	old Converse	65536	5	16.134866	15.323731	22.847808	49.10	4.0618
1node	intra-node	converse	old Converse	131072	5	29.012973	27.412955	42.027597	53.31	4.5177
1node	intra-node	converse	old Converse	262144	5	53.863792	51.114084	80.371506	57.24	4.8668
1node	intra-node	converse	old Converse	524288	5	103.294840	98.297932	139.841001	42.26	5.0756
1node	intra-node	converse	old Converse	1048576	5	202.357031	192.872030	291.045329	50.90	5.1818
1node	intra-node	converse	old Converse	2097152	5	397.123234	375.841258	522.465800	39.01	5.2809
1node	intra-node	converse	old Converse	4194304	5	699.718257	689.048950	1008.020562	46.29	5.9943
1node	intra-node	converse	old Converse	8388608	5	1371.410425	1350.339648	2004.174769	48.42	6.1168
1node	intra-node	converse	old Converse	16777216	5	2745.314873	2707.073665	4113.834112	51.97	6.1112
1node	intra-node	converse	old Converse	33554432	5	5963.804201	5202.690292	8885.133166	70.78	5.6263
1node	intra-node	converse	old Converse	67108864	5	11042.457991	11039.002242	19575.334162	77.33	6.0773
1node	intra-node	recon_normal	Reconverse msg	16	5	3.562331	3.446102	3.874660	12.44	0.0045
1node	intra-node	recon_normal	Reconverse msg	32	5	3.273010	3.163695	3.578901	13.12	0.0098
1node	intra-node	recon_normal	Reconverse msg	64	5	3.364682	3.133416	3.519893	12.33	0.0190
1node	intra-node	recon_normal	Reconverse msg	128	5	3.759980	3.557086	4.054785	13.99	0.0340
1node	intra-node	recon_normal	Reconverse msg	256	5	3.869057	3.666520	4.140854	12.94	0.0662
1node	intra-node	recon_normal	Reconverse msg	512	5	4.033089	3.746152	4.235029	13.05	0.1269
1node	intra-node	recon_normal	Reconverse msg	1024	5	4.009247	3.818989	4.376411	14.60	0.2554
1node	intra-node	recon_normal	Reconverse msg	2048	5	4.297614	4.160523	4.776359	14.80	0.4765
1node	intra-node	recon_normal	Reconverse msg	4096	5	4.569054	4.453063	5.089402	14.29	0.8965
1node	intra-node	recon_normal	Reconverse msg	8192	5	15.625596	15.137792	17.180920	13.50	0.5243
1node	intra-node	recon_normal	Reconverse msg	16384	5	16.150832	15.444636	17.945528	16.19	1.0144
1node	intra-node	recon_normal	Reconverse msg	32768	5	16.824841	16.113877	18.605232	15.46	1.9476
1node	intra-node	recon_normal	Reconverse msg	65536	5	18.097997	17.304897	20.438910	18.11	3.6212
1node	intra-node	recon_normal	Reconverse msg	131072	5	20.862222	20.051837	24.699926	23.18	6.2827
1node	intra-node	recon_normal	Reconverse msg	262144	5	26.895404	25.932193	32.311320	24.60	9.7468
1node	intra-node	recon_normal	Reconverse msg	524288	5	38.125157	37.268043	47.512889	27.49	13.7518
1node	intra-node	recon_normal	Reconverse msg	1048576	5	60.398698	59.571266	63.872337	7.22	17.3609
1node	intra-node	recon_normal	Reconverse msg	2097152	5	105.567932	104.750752	107.869029	2.98	19.8654
1node	intra-node	recon_normal	Reconverse msg	4194304	5	196.098089	195.409417	199.158907	1.92	21.3888
1node	intra-node	recon_normal	Reconverse msg	8388608	5	375.608683	375.263929	381.347537	1.62	22.3334
1node	intra-node	recon_normal	Reconverse msg	16777216	5	738.774657	735.810518	742.680907	0.93	22.7095
1node	intra-node	recon_normal	Reconverse msg	33554432	5	4800.470352	4727.693319	6933.135867	46.65	6.9898
1node	intra-node	recon_normal	Reconverse msg	67108864	5	9084.872365	9061.603785	13286.363482	46.62	7.3869
1node	intra-node	recon_rdma	Reconverse RDMA	16	5	9.863734	8.899927	10.748267	20.77	0.0016
1node	intra-node	recon_rdma	Reconverse RDMA	32	5	9.502411	8.686662	10.518312	21.09	0.0034
1node	intra-node	recon_rdma	Reconverse RDMA	64	5	9.460568	8.619547	10.491371	21.72	0.0068
1node	intra-node	recon_rdma	Reconverse RDMA	128	5	9.231329	8.366585	10.231972	22.30	0.0139
1node	intra-node	recon_rdma	Reconverse RDMA	256	5	8.779168	8.385301	10.381460	23.81	0.0292
1node	intra-node	recon_rdma	Reconverse RDMA	512	5	8.839965	8.418083	9.680271	14.99	0.0579
1node	intra-node	recon_rdma	Reconverse RDMA	1024	5	8.786798	8.474827	9.726048	14.76	0.1165
1node	intra-node	recon_rdma	Reconverse RDMA	2048	5	9.046435	8.653998	9.938955	14.85	0.2264
1node	intra-node	recon_rdma	Reconverse RDMA	4096	5	9.139180	8.673787	10.100007	16.44	0.4482
1node	intra-node	recon_rdma	Reconverse RDMA	8192	5	9.423614	9.059668	10.393977	14.73	0.8693
1node	intra-node	recon_rdma	Reconverse RDMA	16384	5	9.737372	9.370089	10.953426	16.90	1.6826
1node	intra-node	recon_rdma	Reconverse RDMA	32768	5	10.456562	9.897590	12.183905	23.10	3.1337
1node	intra-node	recon_rdma	Reconverse RDMA	65536	5	11.957526	11.613727	14.876604	28.10	5.4807
1node	intra-node	recon_rdma	Reconverse RDMA	131072	5	14.795780	14.440417	20.328999	40.78	8.8587
1node	intra-node	recon_rdma	Reconverse RDMA	262144	5	20.438075	20.007253	31.880260	59.34	12.8263
1node	intra-node	recon_rdma	Reconverse RDMA	524288	5	31.758070	31.318665	55.631995	77.63	16.5088
1node	intra-node	recon_rdma	Reconverse RDMA	1048576	5	54.169059	53.747296	103.173852	91.96	19.3575
1node	intra-node	recon_rdma	Reconverse RDMA	2097152	5	99.179864	98.728538	197.725892	100.27	21.1449
1node	intra-node	recon_rdma	Reconverse RDMA	4194304	5	189.296961	188.752294	386.266232	104.64	22.1573
1node	intra-node	recon_rdma	Reconverse RDMA	8388608	5	369.698286	368.659616	762.026906	106.70	22.6904
1node	intra-node	recon_rdma	Reconverse RDMA	16777216	5	728.706479	726.665258	733.224154	0.90	23.0233
1node	intra-node	recon_rdma	Reconverse RDMA	33554432	5	1449.561954	1446.971774	1458.860874	0.82	23.1480
1node	intra-node	recon_rdma	Reconverse RDMA	67108864	5	2886.104703	2885.152459	2931.547761	1.61	23.2524
1node	intra-node	recon_persist	Reconverse persist+RDMA	16	5	7.103562	7.038236	7.167697	1.84	0.0023
1node	intra-node	recon_persist	Reconverse persist+RDMA	32	5	6.875038	6.799459	7.037640	3.50	0.0047
1node	intra-node	recon_persist	Reconverse persist+RDMA	64	5	9.249091	9.114742	9.279251	1.80	0.0069
1node	intra-node	recon_persist	Reconverse persist+RDMA	128	5	9.377718	9.250641	9.518147	2.89	0.0136
1node	intra-node	recon_persist	Reconverse persist+RDMA	256	5	10.096908	10.031819	10.452390	4.19	0.0254
1node	intra-node	recon_persist	Reconverse persist+RDMA	512	5	10.103106	9.994984	11.037111	10.43	0.0507
1node	intra-node	recon_persist	Reconverse persist+RDMA	1024	5	10.249376	10.170579	11.128187	9.42	0.0999
1node	intra-node	recon_persist	Reconverse persist+RDMA	2048	5	10.404944	10.357022	11.362076	9.70	0.1968
1node	intra-node	recon_persist	Reconverse persist+RDMA	4096	5	10.478616	10.360241	11.445403	10.47	0.3909
1node	intra-node	recon_persist	Reconverse persist+RDMA	8192	5	10.795712	10.654092	11.736274	10.16	0.7588
1node	intra-node	recon_persist	Reconverse persist+RDMA	16384	5	11.141062	11.073589	12.138605	9.62	1.4706
1node	intra-node	recon_persist	Reconverse persist+RDMA	32768	5	11.751056	11.701107	12.878656	10.06	2.7885
1node	intra-node	recon_persist	Reconverse persist+RDMA	65536	5	13.120532	12.958169	15.313387	18.18	4.9949
1node	intra-node	recon_persist	Reconverse persist+RDMA	131072	5	15.693426	15.456557	19.421458	25.65	8.3520
1node	intra-node	recon_persist	Reconverse persist+RDMA	262144	5	21.576166	21.346927	27.032256	26.63	12.1497
1node	intra-node	recon_persist	Reconverse persist+RDMA	524288	5	32.835126	32.746673	42.651415	30.25	15.9673
1node	intra-node	recon_persist	Reconverse persist+RDMA	1048576	5	55.316448	55.205345	58.139205	5.31	18.9560
1node	intra-node	recon_persist	Reconverse persist+RDMA	2097152	5	100.352645	100.284100	103.185296	2.89	20.8978
1node	intra-node	recon_persist	Reconverse persist+RDMA	4194304	5	191.082716	190.975428	197.979331	3.67	21.9502
1node	intra-node	recon_persist	Reconverse persist+RDMA	8388608	5	372.901797	372.824788	410.982490	10.23	22.4955
1node	intra-node	recon_persist	Reconverse persist+RDMA	16777216	5	777.425408	775.855422	857.200265	10.48	21.5805
1node	intra-node	recon_persist	Reconverse persist+RDMA	33554432	5	1631.585836	1631.391525	1731.838346	6.16	20.5655
1node	intra-node	recon_persist	Reconverse persist+RDMA	67108864	5	3296.747923	3292.905807	3456.020117	4.95	20.3561
1node	intra-node	recon_normal_nd8	Reconverse msg (8 dev)	16	5	3.413320	3.399372	3.774166	11.03	0.0047
1node	intra-node	recon_normal_nd8	Reconverse msg (8 dev)	32	5	3.273487	3.113508	3.589630	15.29	0.0098
1node	intra-node	recon_normal_nd8	Reconverse msg (8 dev)	64	5	3.241897	3.144741	3.524899	12.09	0.0197
1node	intra-node	recon_normal_nd8	Reconverse msg (8 dev)	128	5	3.908753	3.750205	4.213333	12.35	0.0327
1node	intra-node	recon_normal_nd8	Reconverse msg (8 dev)	256	5	4.029632	3.958464	4.420042	11.66	0.0635
1node	intra-node	recon_normal_nd8	Reconverse msg (8 dev)	512	5	4.049897	4.032016	4.436016	10.02	0.1264
1node	intra-node	recon_normal_nd8	Reconverse msg (8 dev)	1024	5	4.170179	4.153371	4.598379	10.71	0.2456
1node	intra-node	recon_normal_nd8	Reconverse msg (8 dev)	2048	5	4.431486	4.423261	4.917383	11.17	0.4621
1node	intra-node	recon_normal_nd8	Reconverse msg (8 dev)	4096	5	4.745007	4.730105	5.391717	13.99	0.8632
1node	intra-node	recon_normal_nd8	Reconverse msg (8 dev)	8192	5	15.982032	15.959859	17.593145	10.23	0.5126
1node	intra-node	recon_normal_nd8	Reconverse msg (8 dev)	16384	5	16.260266	16.214967	17.793655	9.74	1.0076
1node	intra-node	recon_normal_nd8	Reconverse msg (8 dev)	32768	5	16.910791	16.898751	18.457770	9.23	1.9377
1node	intra-node	recon_normal_nd8	Reconverse msg (8 dev)	65536	5	18.230200	18.191695	20.321608	11.71	3.5949
1node	intra-node	recon_normal_nd8	Reconverse msg (8 dev)	131072	5	20.999908	20.863891	24.445772	17.17	6.2416
1node	intra-node	recon_normal_nd8	Reconverse msg (8 dev)	262144	5	26.969433	26.843786	31.986952	19.16	9.7200
1node	intra-node	recon_normal_nd8	Reconverse msg (8 dev)	524288	5	38.042188	38.011909	46.274424	21.74	13.7818
1node	intra-node	recon_normal_nd8	Reconverse msg (8 dev)	1048576	5	60.354590	60.305476	63.537002	5.36	17.3736
1node	intra-node	recon_normal_nd8	Reconverse msg (8 dev)	2097152	5	105.563521	105.515718	108.936906	3.24	19.8663
1node	intra-node	recon_normal_nd8	Reconverse msg (8 dev)	4194304	5	197.294712	197.056770	198.857427	0.91	21.2591
1node	intra-node	recon_normal_nd8	Reconverse msg (8 dev)	8388608	5	376.131654	375.596046	382.187486	1.75	22.3023
1node	intra-node	recon_normal_nd8	Reconverse msg (8 dev)	16777216	5	743.164301	740.036964	747.818470	1.05	22.5754
1node	intra-node	recon_normal_nd8	Reconverse msg (8 dev)	33554432	5	7695.867062	7539.584398	9613.406539	27.51	4.3601
1node	intra-node	recon_normal_nd8	Reconverse msg (8 dev)	67108864	5	14204.551935	14166.208982	18088.584900	27.69	4.7245
2node	inter-node	converse	old Converse	16	5	8.480266	7.203542	17.131554	137.82	0.0019
2node	inter-node	converse	old Converse	32	5	8.549005	6.842655	16.673013	143.66	0.0037
2node	inter-node	converse	old Converse	64	5	8.302408	6.819125	8.978462	31.67	0.0077
2node	inter-node	converse	old Converse	128	5	8.833874	7.348744	9.701446	32.02	0.0145
2node	inter-node	converse	old Converse	256	5	9.034269	7.528315	10.196566	35.44	0.0283
2node	inter-node	converse	old Converse	512	5	9.008867	7.411461	9.952198	34.28	0.0568
2node	inter-node	converse	old Converse	1024	5	8.930430	7.684017	9.284775	20.83	0.1147
2node	inter-node	converse	old Converse	2048	5	8.999064	7.797024	9.583375	22.91	0.2276
2node	inter-node	converse	old Converse	4096	5	9.291927	8.202385	9.722005	18.53	0.4408
2node	inter-node	converse	old Converse	8192	5	11.722850	10.191771	12.829739	25.88	0.6988
2node	inter-node	converse	old Converse	16384	5	10.228273	9.068976	10.820656	19.32	1.6018
2node	inter-node	converse	old Converse	32768	5	13.058659	11.894069	13.563250	14.03	2.5093
2node	inter-node	converse	old Converse	65536	5	15.165016	13.923981	15.683282	12.64	4.3215
2node	inter-node	converse	old Converse	131072	5	19.116494	17.958183	19.413468	8.10	6.8565
2node	inter-node	converse	old Converse	262144	5	25.645382	25.561870	27.251661	6.61	10.2219
2node	inter-node	converse	old Converse	524288	5	38.615169	37.737548	40.140106	6.37	13.5773
2node	inter-node	converse	old Converse	1048576	5	64.322185	61.210069	67.951007	11.01	16.3019
2node	inter-node	converse	old Converse	2097152	5	122.780487	107.576288	131.336883	22.09	17.0805
2node	inter-node	converse	old Converse	4194304	5	239.982731	200.962468	261.112945	29.93	17.4775
2node	inter-node	converse	old Converse	8388608	5	469.077336	384.693892	517.743989	34.59	17.8832
2node	inter-node	converse	old Converse	16777216	5	929.354830	779.892119	1063.611745	36.38	18.0525
2node	inter-node	converse	old Converse	33554432	5	5678.712401	5335.015521	6171.116679	15.67	5.9088
2node	inter-node	converse	old Converse	67108864	5	10870.888770	10804.061772	11320.994035	4.78	6.1733
2node	inter-node	recon_normal	Reconverse msg	16	5	3.374100	3.021121	3.895998	28.96	0.0047
2node	inter-node	recon_normal	Reconverse msg	32	5	3.143787	2.817631	3.566623	26.58	0.0102
2node	inter-node	recon_normal	Reconverse msg	64	5	3.099442	2.816439	3.556490	26.28	0.0206
2node	inter-node	recon_normal	Reconverse msg	128	5	3.712416	3.408790	4.290938	25.88	0.0345
2node	inter-node	recon_normal	Reconverse msg	256	5	3.887892	3.513098	4.503489	28.19	0.0658
2node	inter-node	recon_normal	Reconverse msg	512	5	3.968239	3.597140	4.565954	26.93	0.1290
2node	inter-node	recon_normal	Reconverse msg	1024	5	4.071712	3.710985	4.423380	19.20	0.2515
2node	inter-node	recon_normal	Reconverse msg	2048	5	4.406452	4.035950	4.661083	15.49	0.4648
2node	inter-node	recon_normal	Reconverse msg	4096	5	4.702926	4.358172	5.025387	15.31	0.8709
2node	inter-node	recon_normal	Reconverse msg	8192	5	16.043305	14.766932	16.911864	14.53	0.5106
2node	inter-node	recon_normal	Reconverse msg	16384	5	16.401172	14.971614	17.395020	16.19	0.9990
2node	inter-node	recon_normal	Reconverse msg	32768	5	17.213941	15.617967	18.078208	15.75	1.9036
2node	inter-node	recon_normal	Reconverse msg	65536	5	18.616080	16.889095	19.441724	15.11	3.5204
2node	inter-node	recon_normal	Reconverse msg	131072	5	21.327853	19.610882	22.115946	12.77	6.1456
2node	inter-node	recon_normal	Reconverse msg	262144	5	26.690722	24.950147	27.598023	10.61	9.8215
2node	inter-node	recon_normal	Reconverse msg	524288	5	37.517667	36.020637	38.445115	6.73	13.9744
2node	inter-node	recon_normal	Reconverse msg	1048576	5	59.251070	57.607889	60.017228	4.18	17.6972
2node	inter-node	recon_normal	Reconverse msg	2097152	5	103.722811	101.836920	104.348421	2.47	20.2188
2node	inter-node	recon_normal	Reconverse msg	4194304	5	192.669272	190.550208	193.738818	1.67	21.7694
2node	inter-node	recon_normal	Reconverse msg	8388608	5	369.576931	368.450880	370.566010	0.57	22.6979
2node	inter-node	recon_normal	Reconverse msg	16777216	5	710.845947	710.440636	712.347746	0.27	23.6018
2node	inter-node	recon_normal	Reconverse msg	33554432	5	5291.132689	5210.157037	5319.766521	2.10	6.3416
2node	inter-node	recon_normal	Reconverse msg	67108864	5	10262.294173	10240.026355	10300.429344	0.59	6.5394
2node	inter-node	recon_rdma	Reconverse RDMA	16	5	9.387016	8.704901	10.314703	18.49	0.0017
2node	inter-node	recon_rdma	Reconverse RDMA	32	5	9.187818	8.342028	10.097146	21.04	0.0035
2node	inter-node	recon_rdma	Reconverse RDMA	64	5	9.125710	8.267045	10.003924	21.01	0.0070
2node	inter-node	recon_rdma	Reconverse RDMA	128	5	8.852482	8.099079	9.738445	20.24	0.0145
2node	inter-node	recon_rdma	Reconverse RDMA	256	5	8.850574	8.158445	9.714723	19.08	0.0289
2node	inter-node	recon_rdma	Reconverse RDMA	512	5	8.945227	8.230925	9.788632	18.93	0.0572
2node	inter-node	recon_rdma	Reconverse RDMA	1024	5	9.025693	8.301497	9.859920	18.77	0.1135
2node	inter-node	recon_rdma	Reconverse RDMA	2048	5	9.205937	8.486032	9.772897	15.16	0.2225
2node	inter-node	recon_rdma	Reconverse RDMA	4096	5	9.302735	8.571386	9.725451	13.46	0.4403
2node	inter-node	recon_rdma	Reconverse RDMA	8192	5	9.622693	8.895636	10.045886	12.93	0.8513
2node	inter-node	recon_rdma	Reconverse RDMA	16384	5	10.094523	9.397388	10.525465	12.00	1.6231
2node	inter-node	recon_rdma	Reconverse RDMA	32768	5	11.180758	10.340810	11.499524	11.21	2.9307
2node	inter-node	recon_rdma	Reconverse RDMA	65536	5	13.145804	12.391806	13.521433	9.12	4.9853
2node	inter-node	recon_rdma	Reconverse RDMA	131072	5	17.058730	16.339660	17.520189	7.22	7.6836
2node	inter-node	recon_rdma	Reconverse RDMA	262144	5	24.487019	23.890972	24.957657	4.46	10.7054
2node	inter-node	recon_rdma	Reconverse RDMA	524288	5	37.123799	36.542892	37.678003	3.11	14.1227
2node	inter-node	recon_rdma	Reconverse RDMA	1048576	5	62.917948	62.496305	63.027263	0.85	16.6658
2node	inter-node	recon_rdma	Reconverse RDMA	2097152	5	121.464968	120.269418	123.815417	2.95	17.2655
2node	inter-node	recon_rdma	Reconverse RDMA	4194304	5	245.155096	242.242455	246.149659	1.61	17.1088
2node	inter-node	recon_rdma	Reconverse RDMA	8388608	5	479.097009	469.936967	484.099746	3.01	17.5092
2node	inter-node	recon_rdma	Reconverse RDMA	16777216	5	701.966286	701.775789	702.354908	0.08	23.9003
2node	inter-node	recon_rdma	Reconverse RDMA	33554432	5	1396.801591	1396.689892	1396.983862	0.02	24.0223
2node	inter-node	recon_rdma	Reconverse RDMA	67108864	5	2865.364432	2863.100886	2865.804911	0.09	23.4207
2node	inter-node	recon_persist	Reconverse persist+RDMA	16	5	6.740808	6.437898	8.132219	26.32	0.0024
2node	inter-node	recon_persist	Reconverse persist+RDMA	32	5	6.505728	6.399155	8.039117	25.63	0.0049
2node	inter-node	recon_persist	Reconverse persist+RDMA	64	5	8.912921	8.706570	10.736108	23.31	0.0072
2node	inter-node	recon_persist	Reconverse persist+RDMA	128	5	9.025216	8.802295	10.835886	23.10	0.0142
2node	inter-node	recon_persist	Reconverse persist+RDMA	256	5	9.531379	9.389520	11.703253	24.64	0.0269
2node	inter-node	recon_persist	Reconverse persist+RDMA	512	5	9.524226	9.370208	11.726141	25.14	0.0538
2node	inter-node	recon_persist	Reconverse persist+RDMA	1024	5	9.593129	9.446025	11.803269	24.95	0.1067
2node	inter-node	recon_persist	Reconverse persist+RDMA	2048	5	9.846687	9.679437	11.152864	15.22	0.2080
2node	inter-node	recon_persist	Reconverse persist+RDMA	4096	5	9.935141	9.771109	11.223912	14.87	0.4123
2node	inter-node	recon_persist	Reconverse persist+RDMA	8192	5	10.213017	10.056257	11.519670	14.55	0.8021
2node	inter-node	recon_persist	Reconverse persist+RDMA	16384	5	10.577559	10.398030	11.849761	13.96	1.5489
2node	inter-node	recon_persist	Reconverse persist+RDMA	32768	5	11.296391	11.060238	12.541056	13.39	2.9007
2node	inter-node	recon_persist	Reconverse persist+RDMA	65536	5	12.823582	12.546420	13.964772	11.30	5.1106
2node	inter-node	recon_persist	Reconverse persist+RDMA	131072	5	15.604854	15.343428	16.703129	8.86	8.3994
2node	inter-node	recon_persist	Reconverse persist+RDMA	262144	5	21.169662	21.014929	22.396088	6.57	12.3830
2node	inter-node	recon_persist	Reconverse persist+RDMA	524288	5	32.714725	32.521963	33.863068	4.12	16.0261
2node	inter-node	recon_persist	Reconverse persist+RDMA	1048576	5	56.154132	55.952191	57.276845	2.37	18.6732
2node	inter-node	recon_persist	Reconverse persist+RDMA	2097152	5	103.182197	103.041291	104.472399	1.39	20.3247
2node	inter-node	recon_persist	Reconverse persist+RDMA	4194304	5	197.560787	197.487354	199.365377	0.95	21.2304
2node	inter-node	recon_persist	Reconverse persist+RDMA	8388608	5	388.829112	388.744473	390.327454	0.41	21.5740
2node	inter-node	recon_persist	Reconverse persist+RDMA	16777216	5	777.307034	744.364023	777.514219	4.45	21.5838
2node	inter-node	recon_persist	Reconverse persist+RDMA	33554432	5	1577.877045	1572.355151	1583.221078	0.69	21.2656
2node	inter-node	recon_persist	Reconverse persist+RDMA	67108864	5	3169.808149	3126.700401	3175.574183	1.56	21.1713
2node	inter-node	recon_normal_nd8	Reconverse msg (8 dev)	16	5	3.684759	3.436923	3.835440	11.60	0.0043
2node	inter-node	recon_normal_nd8	Reconverse msg (8 dev)	32	5	3.562570	3.319144	3.643155	9.76	0.0090
2node	inter-node	recon_normal_nd8	Reconverse msg (8 dev)	64	5	3.540039	3.321767	3.627419	9.20	0.0181
2node	inter-node	recon_normal_nd8	Reconverse msg (8 dev)	128	5	4.251599	3.964305	4.380584	10.50	0.0301
2node	inter-node	recon_normal_nd8	Reconverse msg (8 dev)	256	5	4.475474	4.259586	4.553914	6.91	0.0572
2node	inter-node	recon_normal_nd8	Reconverse msg (8 dev)	512	5	4.479766	4.155874	4.690409	12.86	0.1143
2node	inter-node	recon_normal_nd8	Reconverse msg (8 dev)	1024	5	4.350781	4.294276	4.442930	3.46	0.2354
2node	inter-node	recon_normal_nd8	Reconverse msg (8 dev)	2048	5	4.631996	4.588127	4.670739	1.80	0.4421
2node	inter-node	recon_normal_nd8	Reconverse msg (8 dev)	4096	5	5.029678	4.942179	5.033731	1.85	0.8144
2node	inter-node	recon_normal_nd8	Reconverse msg (8 dev)	8192	5	16.840696	16.637325	17.138481	3.01	0.4864
2node	inter-node	recon_normal_nd8	Reconverse msg (8 dev)	16384	5	17.193198	17.064691	17.356396	1.71	0.9529
2node	inter-node	recon_normal_nd8	Reconverse msg (8 dev)	32768	5	17.951012	17.839670	18.035889	1.10	1.8254
2node	inter-node	recon_normal_nd8	Reconverse msg (8 dev)	65536	5	19.256949	19.135356	19.378901	1.27	3.4032
2node	inter-node	recon_normal_nd8	Reconverse msg (8 dev)	131072	5	22.064567	21.981955	22.178769	0.90	5.9404
2node	inter-node	recon_normal_nd8	Reconverse msg (8 dev)	262144	5	27.607799	27.365446	27.715325	1.28	9.4953
2node	inter-node	recon_normal_nd8	Reconverse msg (8 dev)	524288	5	38.201928	38.142085	38.583398	1.16	13.7241
2node	inter-node	recon_normal_nd8	Reconverse msg (8 dev)	1048576	5	60.076714	60.042739	60.140729	0.16	17.4540
2node	inter-node	recon_normal_nd8	Reconverse msg (8 dev)	2097152	5	104.534149	104.090452	104.561687	0.45	20.0619
2node	inter-node	recon_normal_nd8	Reconverse msg (8 dev)	4194304	5	194.537282	193.231106	194.616556	0.72	21.5604
2node	inter-node	recon_normal_nd8	Reconverse msg (8 dev)	8388608	5	371.104360	369.143128	371.153593	0.54	22.6044
2node	inter-node	recon_normal_nd8	Reconverse msg (8 dev)	16777216	5	715.918303	713.879108	718.222141	0.61	23.4345
2node	inter-node	recon_normal_nd8	Reconverse msg (8 dev)	33554432	5	8010.175109	7978.136778	8044.644594	0.83	4.1890
2node	inter-node	recon_normal_nd8	Reconverse msg (8 dev)	67108864	5	15273.556709	15246.154785	15312.371135	0.43	4.3938
